﻿<?xml version="1.0" encoding="utf-8" ?>
<Items>
	<Directory>ja-jp</Directory>
	<Directory>sdk</Directory>
	<Directory>transstore</Directory>
	<Directory>vi-vn</Directory>
	<Directory>x64</Directory>
	<Directory>x86</Directory>
	<File>protect_file.xml</File>
	<File>appsettings.xml</File>
	<File>onmeetingupdaterv4.exe</File>
	<File>ionic.zip.reduced.dll</File>
	<File>ionic.zip.reduced.dll.pendingoverwrite</File>
	<File>opencommand.ini</File>
	<File>onmeetinghelpers.dll</File>
	<File>fix_share_win_7.zip</File>
	<File>credentials</File>
	<File>lang.ini</File>
	<File>icon.ico</File>
	<File>entityframework.dll</File>
	<File>entityframework.sqlServer.dll</File>
	<File>system.data.sqlite.dll</File>
	<File>system.data.sqlite.ef6.dll</File>
	<File>system.data.sqlite.linq.dll</File>
	<File>google.apis.auth.dll</File>
	<File>google.apis.drive.v3.dll</File>
	<File>google.apis.dll</File>
	<File>google.apis.core.dll</File>
	<File>google.apis.auth.platformServices.dll</File>
	<File>google.apis.platformservices.dll</File>
	<File>newtonsoft.json</File>
	<File>join.bat</File>
	<File>open.bat</File>
</Items>